keys,en,hi,mr
THEME_TITLE,Tribal forest,आदिवासी वन,आदिवासी वन
HUNTER_NAME,The Hunter,शिकारी,शिकारी
ENEMY_SWARM_NAME,Rotling,रॉटलिंग,रॉटलिंग
ENEMY_TANK_NAME,Thornback,थॉर्नबैक,थॉर्नबॅक
ENEMY_RANGED_NAME,Wisp,विस्प,विस्प
ENEMY_BOSS_NAME,Rotheart,रॉटहार्ट,रॉटहार्ट
CAGE_NAME,Bamboo cage,बाँस का पिंजरा,बांबूचा पिंजरा
JAR_NAME,Firefly jar,जुगनू का घड़ा,काजव्यांचे मडके
HARE_NAME,Hare,खरगोश,ससा
CURRENCY_A_NAME,Meat,मांस,मांस
CURRENCY_B_NAME,Spirit,आत्मा,आत्मा
LIGHT_NAME,Torch,मशाल,मशाल
GOD_MEGHRA_NAME,Meghra,मेघरा,मेघरा
GOD_MEGHRA_TITLE,The Storm Mother,तूफ़ान माता,वादळ माता
GOD_DHORU_NAME,Dhoru,धोरू,धोरू
GOD_DHORU_TITLE,The Stone Bull,पत्थर का बैल,दगडी बैल
GOD_VAYLI_NAME,Vayli,वायली,वायली
GOD_VAYLI_TITLE,The Vine Keeper,बेलों की रक्षक,वेलींची रक्षक
GOD_SURYAK_NAME,Suryak,सूर्यक,सूर्यक
GOD_SURYAK_TITLE,Sun Eye,सूर्य नेत्र,सूर्य नेत्र
GOD_TAMBA_NAME,Tamba,तांबा,तांबा
GOD_TAMBA_TITLE,Earth Drum,धरती का ढोल,धरतीचा ढोल
GOD_KAJA_NAME,Kaja,काजा,काजा
GOD_KAJA_TITLE,Swift Wind,तेज़ हवा,वेगवान वारा
GOD_ANJOR_NAME,Anjor,अंजोर,अंजोर
GOD_ANJOR_TITLE,First Flame,पहली लौ,पहिली ज्योत
GUIDE_PIRA_NAME,Pira,पीरा,पीरा
GUIDE_JUGNU_NAME,Jugnu,जुगनू,जुगनू
DEFEAT_TITLE,The blight took you,सड़न ने तुम्हें निगल लिया,सडव्याने तुला गिळले
