file,archetype_id,source,url,author,licence,attribution_required,modified,notes
amb/amb_blight_bed.ogg,amb.blight.bed,original: pipelines/audio/synth.py,,Vanya team (procedural),CC0-1.0,false,false,loop
amb/amb_grove_default_bed.ogg,amb.grove.default.bed,original: pipelines/audio/synth.py,,Vanya team (procedural),CC0-1.0,false,false,loop
music/boss_bed.ogg,mus.boss.bed,original: pipelines/audio/synth.py,,Vanya team (procedural),CC0-1.0,false,false,bar-exact stem
music/boss_low_drive.ogg,mus.boss.low.drive,original: pipelines/audio/synth.py,,Vanya team (procedural),CC0-1.0,false,false,"bar-exact stem, low tier"
music/boss_melody.ogg,mus.boss.melody,original: pipelines/audio/synth.py,,Vanya team (procedural),CC0-1.0,false,false,bar-exact stem
music/boss_perc.ogg,mus.boss.perc,original: pipelines/audio/synth.py,,Vanya team (procedural),CC0-1.0,false,false,bar-exact stem
music/boss_tension.ogg,mus.boss.tension,original: pipelines/audio/synth.py,,Vanya team (procedural),CC0-1.0,false,false,bar-exact stem
music/camp_a.ogg,mus.camp.a,original: pipelines/audio/synth.py,,Vanya team (procedural),CC0-1.0,false,false,bar-exact track
music/camp_b.ogg,mus.camp.b,original: pipelines/audio/synth.py,,Vanya team (procedural),CC0-1.0,false,false,bar-exact track
music/defeat.ogg,mus.defeat,original: pipelines/audio/synth.py,,Vanya team (procedural),CC0-1.0,false,false,stinger
music/grove_bed.ogg,mus.grove.bed,original: pipelines/audio/synth.py,,Vanya team (procedural),CC0-1.0,false,false,bar-exact stem
music/grove_frenzy.ogg,mus.grove.frenzy,original: pipelines/audio/synth.py,,Vanya team (procedural),CC0-1.0,false,false,bar-exact stem
music/grove_low_drive.ogg,mus.grove.low.drive,original: pipelines/audio/synth.py,,Vanya team (procedural),CC0-1.0,false,false,"bar-exact stem, low tier"
music/grove_melody.ogg,mus.grove.melody,original: pipelines/audio/synth.py,,Vanya team (procedural),CC0-1.0,false,false,bar-exact stem
music/grove_perc.ogg,mus.grove.perc,original: pipelines/audio/synth.py,,Vanya team (procedural),CC0-1.0,false,false,bar-exact stem
music/grove_tension.ogg,mus.grove.tension,original: pipelines/audio/synth.py,,Vanya team (procedural),CC0-1.0,false,false,bar-exact stem
music/victory.ogg,mus.victory,original: pipelines/audio/synth.py,,Vanya team (procedural),CC0-1.0,false,false,stinger
sfx/amb_grove_default_detail_01.ogg,amb.grove.default.detail,original: pipelines/audio/synth.py,,Vanya team (procedural),CC0-1.0,false,false,seed=713204485
sfx/amb_grove_default_detail_02.ogg,amb.grove.default.detail,original: pipelines/audio/synth.py,,Vanya team (procedural),CC0-1.0,false,false,seed=713211370
sfx/amb_grove_default_detail_03.ogg,amb.grove.default.detail,original: pipelines/audio/synth.py,,Vanya team (procedural),CC0-1.0,false,false,seed=713203419
sfx/amb_grove_default_detail_04.ogg,amb.grove.default.detail,original: pipelines/audio/synth.py,,Vanya team (procedural),CC0-1.0,false,false,seed=713228232
sfx/amb_grove_default_detail_05.ogg,amb.grove.default.detail,original: pipelines/audio/synth.py,,Vanya team (procedural),CC0-1.0,false,false,seed=713218233
sfx/amb_grove_default_detail_06.ogg,amb.grove.default.detail,original: pipelines/audio/synth.py,,Vanya team (procedural),CC0-1.0,false,false,seed=713177518
sfx/sfx_boss_rotheart_charge_loop_01.wav,sfx.boss.rotheart.charge_loop,original: pipelines/audio/synth.py,,Vanya team (procedural),CC0-1.0,false,false,seed=924589736
sfx/sfx_boss_rotheart_death_01.ogg,sfx.boss.rotheart.death,original: pipelines/audio/synth.py,,Vanya team (procedural),CC0-1.0,false,false,seed=4012344002
sfx/sfx_boss_rotheart_heart_loop_01.wav,sfx.boss.rotheart.heart_loop,original: pipelines/audio/synth.py,,Vanya team (procedural),CC0-1.0,false,false,seed=3252879596
sfx/sfx_boss_rotheart_hurt_01.wav,sfx.boss.rotheart.hurt,original: pipelines/audio/synth.py,,Vanya team (procedural),CC0-1.0,false,false,seed=3404186967
sfx/sfx_boss_rotheart_hurt_02.wav,sfx.boss.rotheart.hurt,original: pipelines/audio/synth.py,,Vanya team (procedural),CC0-1.0,false,false,seed=3404192696
sfx/sfx_boss_rotheart_hurt_03.wav,sfx.boss.rotheart.hurt,original: pipelines/audio/synth.py,,Vanya team (procedural),CC0-1.0,false,false,seed=3404200073
sfx/sfx_boss_rotheart_stalk_01.wav,sfx.boss.rotheart.stalk,original: pipelines/audio/synth.py,,Vanya team (procedural),CC0-1.0,false,false,seed=3461361737
sfx/sfx_boss_rotheart_stalk_02.wav,sfx.boss.rotheart.stalk,original: pipelines/audio/synth.py,,Vanya team (procedural),CC0-1.0,false,false,seed=3461361318
sfx/sfx_boss_rotheart_stalk_03.wav,sfx.boss.rotheart.stalk,original: pipelines/audio/synth.py,,Vanya team (procedural),CC0-1.0,false,false,seed=3461352855
sfx/sfx_boss_rotheart_stunned_01.wav,sfx.boss.rotheart.stunned,original: pipelines/audio/synth.py,,Vanya team (procedural),CC0-1.0,false,false,seed=759962062
sfx/sfx_boss_rotheart_summon_01.ogg,sfx.boss.rotheart.summon,original: pipelines/audio/synth.py,,Vanya team (procedural),CC0-1.0,false,false,seed=1709061101
sfx/sfx_boss_rotheart_telegraph_01.wav,sfx.boss.rotheart.telegraph,original: pipelines/audio/synth.py,,Vanya team (procedural),CC0-1.0,false,false,seed=2524530481
sfx/sfx_boss_rotheart_wall_hit_01.wav,sfx.boss.rotheart.wall_hit,original: pipelines/audio/synth.py,,Vanya team (procedural),CC0-1.0,false,false,seed=3822007932
sfx/sfx_companion_jugnu_shimmer_loop_01.ogg,sfx.companion.jugnu.shimmer_loop,original: pipelines/audio/synth.py,,Vanya team (procedural),CC0-1.0,false,false,seed=703826586
sfx/sfx_companion_pira_chirp_loop_01.ogg,sfx.companion.pira.chirp_loop,original: pipelines/audio/synth.py,,Vanya team (procedural),CC0-1.0,false,false,seed=1767976655
sfx/sfx_companion_pira_peck_01.wav,sfx.companion.pira.peck,original: pipelines/audio/synth.py,,Vanya team (procedural),CC0-1.0,false,false,seed=796855904
sfx/sfx_companion_pira_peck_02.wav,sfx.companion.pira.peck,original: pipelines/audio/synth.py,,Vanya team (procedural),CC0-1.0,false,false,seed=796856463
sfx/sfx_companion_pira_peck_03.wav,sfx.companion.pira.peck,original: pipelines/audio/synth.py,,Vanya team (procedural),CC0-1.0,false,false,seed=796865470
sfx/sfx_enemy_rotling_alert_01.wav,sfx.enemy.rotling.alert,original: pipelines/audio/synth.py,,Vanya team (procedural),CC0-1.0,false,false,seed=3304425952
sfx/sfx_enemy_rotling_alert_02.wav,sfx.enemy.rotling.alert,original: pipelines/audio/synth.py,,Vanya team (procedural),CC0-1.0,false,false,seed=3304429327
sfx/sfx_enemy_rotling_alert_03.wav,sfx.enemy.rotling.alert,original: pipelines/audio/synth.py,,Vanya team (procedural),CC0-1.0,false,false,seed=3304436798
sfx/sfx_enemy_rotling_attack_01.wav,sfx.enemy.rotling.attack,original: pipelines/audio/synth.py,,Vanya team (procedural),CC0-1.0,false,false,seed=192558506
sfx/sfx_enemy_rotling_attack_02.wav,sfx.enemy.rotling.attack,original: pipelines/audio/synth.py,,Vanya team (procedural),CC0-1.0,false,false,seed=192555845
sfx/sfx_enemy_rotling_attack_03.wav,sfx.enemy.rotling.attack,original: pipelines/audio/synth.py,,Vanya team (procedural),CC0-1.0,false,false,seed=192546932
sfx/sfx_enemy_rotling_death_01.wav,sfx.enemy.rotling.death,original: pipelines/audio/synth.py,,Vanya team (procedural),CC0-1.0,false,false,seed=877599247
sfx/sfx_enemy_rotling_death_02.wav,sfx.enemy.rotling.death,original: pipelines/audio/synth.py,,Vanya team (procedural),CC0-1.0,false,false,seed=877593824
sfx/sfx_enemy_rotling_death_03.wav,sfx.enemy.rotling.death,original: pipelines/audio/synth.py,,Vanya team (procedural),CC0-1.0,false,false,seed=877602769
sfx/sfx_enemy_rotling_hurt_01.wav,sfx.enemy.rotling.hurt,original: pipelines/audio/synth.py,,Vanya team (procedural),CC0-1.0,false,false,seed=431414909
sfx/sfx_enemy_rotling_hurt_02.wav,sfx.enemy.rotling.hurt,original: pipelines/audio/synth.py,,Vanya team (procedural),CC0-1.0,false,false,seed=431407250
sfx/sfx_enemy_rotling_hurt_03.wav,sfx.enemy.rotling.hurt,original: pipelines/audio/synth.py,,Vanya team (procedural),CC0-1.0,false,false,seed=431416227
sfx/sfx_enemy_rotling_idle_01.wav,sfx.enemy.rotling.idle,original: pipelines/audio/synth.py,,Vanya team (procedural),CC0-1.0,false,false,seed=35614578
sfx/sfx_enemy_rotling_idle_02.wav,sfx.enemy.rotling.idle,original: pipelines/audio/synth.py,,Vanya team (procedural),CC0-1.0,false,false,seed=35615133
sfx/sfx_enemy_rotling_idle_03.wav,sfx.enemy.rotling.idle,original: pipelines/audio/synth.py,,Vanya team (procedural),CC0-1.0,false,false,seed=35607212
sfx/sfx_enemy_thornback_armor_hit_01.wav,sfx.enemy.thornback.armor_hit,original: pipelines/audio/synth.py,,Vanya team (procedural),CC0-1.0,false,false,seed=3730069
sfx/sfx_enemy_thornback_armor_hit_02.wav,sfx.enemy.thornback.armor_hit,original: pipelines/audio/synth.py,,Vanya team (procedural),CC0-1.0,false,false,seed=3732602
sfx/sfx_enemy_thornback_armor_hit_03.wav,sfx.enemy.thornback.armor_hit,original: pipelines/audio/synth.py,,Vanya team (procedural),CC0-1.0,false,false,seed=3725131
sfx/sfx_enemy_thornback_armor_hit_04.wav,sfx.enemy.thornback.armor_hit,original: pipelines/audio/synth.py,,Vanya team (procedural),CC0-1.0,false,false,seed=3716696
sfx/sfx_enemy_thornback_death_01.ogg,sfx.enemy.thornback.death,original: pipelines/audio/synth.py,,Vanya team (procedural),CC0-1.0,false,false,seed=2349832908
sfx/sfx_enemy_thornback_death_02.ogg,sfx.enemy.thornback.death,original: pipelines/audio/synth.py,,Vanya team (procedural),CC0-1.0,false,false,seed=2349827107
sfx/sfx_enemy_thornback_slam_01.wav,sfx.enemy.thornback.slam,original: pipelines/audio/synth.py,,Vanya team (procedural),CC0-1.0,false,false,seed=1979233145
sfx/sfx_enemy_thornback_slam_02.wav,sfx.enemy.thornback.slam,original: pipelines/audio/synth.py,,Vanya team (procedural),CC0-1.0,false,false,seed=1979231638
sfx/sfx_enemy_thornback_stomp_01.wav,sfx.enemy.thornback.stomp,original: pipelines/audio/synth.py,,Vanya team (procedural),CC0-1.0,false,false,seed=882441696
sfx/sfx_enemy_thornback_stomp_02.wav,sfx.enemy.thornback.stomp,original: pipelines/audio/synth.py,,Vanya team (procedural),CC0-1.0,false,false,seed=882434831
sfx/sfx_enemy_thornback_stomp_03.wav,sfx.enemy.thornback.stomp,original: pipelines/audio/synth.py,,Vanya team (procedural),CC0-1.0,false,false,seed=882425918
sfx/sfx_enemy_thornback_windup_01.wav,sfx.enemy.thornback.windup,original: pipelines/audio/synth.py,,Vanya team (procedural),CC0-1.0,false,false,seed=3955383742
sfx/sfx_enemy_thornback_windup_02.wav,sfx.enemy.thornback.windup,original: pipelines/audio/synth.py,,Vanya team (procedural),CC0-1.0,false,false,seed=3955376977
sfx/sfx_enemy_wisp_death_01.ogg,sfx.enemy.wisp.death,original: pipelines/audio/synth.py,,Vanya team (procedural),CC0-1.0,false,false,seed=3733720220
sfx/sfx_enemy_wisp_death_02.ogg,sfx.enemy.wisp.death,original: pipelines/audio/synth.py,,Vanya team (procedural),CC0-1.0,false,false,seed=3733721715
sfx/sfx_enemy_wisp_float_loop_01.ogg,sfx.enemy.wisp.float_loop,original: pipelines/audio/synth.py,,Vanya team (procedural),CC0-1.0,false,false,seed=2850035700
sfx/sfx_enemy_wisp_hurt_01.wav,sfx.enemy.wisp.hurt,original: pipelines/audio/synth.py,,Vanya team (procedural),CC0-1.0,false,false,seed=266827001
sfx/sfx_enemy_wisp_hurt_02.wav,sfx.enemy.wisp.hurt,original: pipelines/audio/synth.py,,Vanya team (procedural),CC0-1.0,false,false,seed=266824214
sfx/sfx_enemy_wisp_hurt_03.wav,sfx.enemy.wisp.hurt,original: pipelines/audio/synth.py,,Vanya team (procedural),CC0-1.0,false,false,seed=266815783
sfx/sfx_enemy_wisp_orb_impact_01.wav,sfx.enemy.wisp.orb_impact,original: pipelines/audio/synth.py,,Vanya team (procedural),CC0-1.0,false,false,seed=2374949528
sfx/sfx_enemy_wisp_orb_impact_02.wav,sfx.enemy.wisp.orb_impact,original: pipelines/audio/synth.py,,Vanya team (procedural),CC0-1.0,false,false,seed=2374943863
sfx/sfx_enemy_wisp_spit_01.wav,sfx.enemy.wisp.spit,original: pipelines/audio/synth.py,,Vanya team (procedural),CC0-1.0,false,false,seed=654486806
sfx/sfx_enemy_wisp_spit_02.wav,sfx.enemy.wisp.spit,original: pipelines/audio/synth.py,,Vanya team (procedural),CC0-1.0,false,false,seed=654488569
sfx/sfx_enemy_wisp_spit_03.wav,sfx.enemy.wisp.spit,original: pipelines/audio/synth.py,,Vanya team (procedural),CC0-1.0,false,false,seed=654479560
sfx/sfx_fb_dmgnum_tick_01.wav,sfx.fb.dmgnum.tick,original: pipelines/audio/synth.py,,Vanya team (procedural),CC0-1.0,false,false,seed=3355496083
sfx/sfx_fb_dmgnum_tick_02.wav,sfx.fb.dmgnum.tick,original: pipelines/audio/synth.py,,Vanya team (procedural),CC0-1.0,false,false,seed=3355496572
sfx/sfx_fb_dmgnum_tick_03.wav,sfx.fb.dmgnum.tick,original: pipelines/audio/synth.py,,Vanya team (procedural),CC0-1.0,false,false,seed=3355505485
sfx/sfx_fb_frenzy_tier1_01.wav,sfx.fb.frenzy.tier1,original: pipelines/audio/synth.py,,Vanya team (procedural),CC0-1.0,false,false,seed=3941477619
sfx/sfx_fb_frenzy_tier2_01.wav,sfx.fb.frenzy.tier2,original: pipelines/audio/synth.py,,Vanya team (procedural),CC0-1.0,false,false,seed=1944550729
sfx/sfx_fb_frenzy_tier3_01.wav,sfx.fb.frenzy.tier3,original: pipelines/audio/synth.py,,Vanya team (procedural),CC0-1.0,false,false,seed=81808863
sfx/sfx_fb_frenzy_tier4_01.wav,sfx.fb.frenzy.tier4,original: pipelines/audio/synth.py,,Vanya team (procedural),CC0-1.0,false,false,seed=2592397436
sfx/sfx_fb_frenzy_tier5_01.ogg,sfx.fb.frenzy.tier5,original: pipelines/audio/synth.py,,Vanya team (procedural),CC0-1.0,false,false,seed=3984845034
sfx/sfx_fb_hitstop_crunch_01.wav,sfx.fb.hitstop.crunch,original: pipelines/audio/synth.py,,Vanya team (procedural),CC0-1.0,false,false,seed=2765485729
sfx/sfx_fb_hitstop_crunch_02.wav,sfx.fb.hitstop.crunch,original: pipelines/audio/synth.py,,Vanya team (procedural),CC0-1.0,false,false,seed=2765482062
sfx/sfx_fb_hitstop_crunch_03.wav,sfx.fb.hitstop.crunch,original: pipelines/audio/synth.py,,Vanya team (procedural),CC0-1.0,false,false,seed=2765474687
sfx/sfx_fb_lowhp_heartbeat_loop_01.wav,sfx.fb.lowhp.heartbeat_loop,original: pipelines/audio/synth.py,,Vanya team (procedural),CC0-1.0,false,false,seed=1143911891
sfx/sfx_fb_shake_rumble_01.wav,sfx.fb.shake.rumble,original: pipelines/audio/synth.py,,Vanya team (procedural),CC0-1.0,false,false,seed=1189081351
sfx/sfx_fb_shake_rumble_02.wav,sfx.fb.shake.rumble,original: pipelines/audio/synth.py,,Vanya team (procedural),CC0-1.0,false,false,seed=1189081064
sfx/sfx_god_dhoru_aftermath_01.ogg,sfx.god.dhoru.aftermath,original: pipelines/audio/synth.py,,Vanya team (procedural),CC0-1.0,false,false,seed=1702092583
sfx/sfx_god_dhoru_impact_01.wav,sfx.god.dhoru.impact,original: pipelines/audio/synth.py,,Vanya team (procedural),CC0-1.0,false,false,seed=397701302
sfx/sfx_god_dhoru_impact_02.wav,sfx.god.dhoru.impact,original: pipelines/audio/synth.py,,Vanya team (procedural),CC0-1.0,false,false,seed=397700697
sfx/sfx_god_dhoru_telegraph_01.wav,sfx.god.dhoru.telegraph,original: pipelines/audio/synth.py,,Vanya team (procedural),CC0-1.0,false,false,seed=2643236716
sfx/sfx_god_meghra_aftermath_01.ogg,sfx.god.meghra.aftermath,original: pipelines/audio/synth.py,,Vanya team (procedural),CC0-1.0,false,false,seed=663766827
sfx/sfx_god_meghra_impact_01.wav,sfx.god.meghra.impact,original: pipelines/audio/synth.py,,Vanya team (procedural),CC0-1.0,false,false,seed=3426321499
sfx/sfx_god_meghra_impact_02.wav,sfx.god.meghra.impact,original: pipelines/audio/synth.py,,Vanya team (procedural),CC0-1.0,false,false,seed=3426327220
sfx/sfx_god_meghra_impact_03.wav,sfx.god.meghra.impact,original: pipelines/audio/synth.py,,Vanya team (procedural),CC0-1.0,false,false,seed=3426335109
sfx/sfx_god_meghra_telegraph_01.wav,sfx.god.meghra.telegraph,original: pipelines/audio/synth.py,,Vanya team (procedural),CC0-1.0,false,false,seed=3748597600
sfx/sfx_god_vayli_heal_01.ogg,sfx.god.vayli.heal,original: pipelines/audio/synth.py,,Vanya team (procedural),CC0-1.0,false,false,seed=4041873327
sfx/sfx_god_vayli_heal_02.ogg,sfx.god.vayli.heal,original: pipelines/audio/synth.py,,Vanya team (procedural),CC0-1.0,false,false,seed=4041869632
sfx/sfx_god_vayli_root_01.wav,sfx.god.vayli.root,original: pipelines/audio/synth.py,,Vanya team (procedural),CC0-1.0,false,false,seed=1328975962
sfx/sfx_god_vayli_root_02.wav,sfx.god.vayli.root,original: pipelines/audio/synth.py,,Vanya team (procedural),CC0-1.0,false,false,seed=1328975541
sfx/sfx_god_vayli_telegraph_01.wav,sfx.god.vayli.telegraph,original: pipelines/audio/synth.py,,Vanya team (procedural),CC0-1.0,false,false,seed=2316916507
sfx/sfx_pickup_meat_collect_01.wav,sfx.pickup.meat.collect,original: pipelines/audio/synth.py,,Vanya team (procedural),CC0-1.0,false,false,seed=1598955839
sfx/sfx_pickup_meat_collect_02.wav,sfx.pickup.meat.collect,original: pipelines/audio/synth.py,,Vanya team (procedural),CC0-1.0,false,false,seed=1598963664
sfx/sfx_pickup_meat_collect_03.wav,sfx.pickup.meat.collect,original: pipelines/audio/synth.py,,Vanya team (procedural),CC0-1.0,false,false,seed=1598954721
sfx/sfx_pickup_spirit_collect_01.wav,sfx.pickup.spirit.collect,original: pipelines/audio/synth.py,,Vanya team (procedural),CC0-1.0,false,false,seed=3486872127
sfx/sfx_pickup_spirit_magnet_01.wav,sfx.pickup.spirit.magnet,original: pipelines/audio/synth.py,,Vanya team (procedural),CC0-1.0,false,false,seed=3001147357
sfx/sfx_player_arrow_impact_armor_01.wav,sfx.player.arrow.impact.armor,original: pipelines/audio/synth.py,,Vanya team (procedural),CC0-1.0,false,false,seed=2693617368
sfx/sfx_player_arrow_impact_armor_02.wav,sfx.player.arrow.impact.armor,original: pipelines/audio/synth.py,,Vanya team (procedural),CC0-1.0,false,false,seed=2693613623
sfx/sfx_player_arrow_impact_armor_03.wav,sfx.player.arrow.impact.armor,original: pipelines/audio/synth.py,,Vanya team (procedural),CC0-1.0,false,false,seed=2693622534
sfx/sfx_player_arrow_impact_armor_04.wav,sfx.player.arrow.impact.armor,original: pipelines/audio/synth.py,,Vanya team (procedural),CC0-1.0,false,false,seed=2693597717
sfx/sfx_player_arrow_impact_bark_01.wav,sfx.player.arrow.impact.bark,original: pipelines/audio/synth.py,,Vanya team (procedural),CC0-1.0,false,false,seed=1312598260
sfx/sfx_player_arrow_impact_bark_02.wav,sfx.player.arrow.impact.bark,original: pipelines/audio/synth.py,,Vanya team (procedural),CC0-1.0,false,false,seed=1312601627
sfx/sfx_player_arrow_impact_bark_03.wav,sfx.player.arrow.impact.bark,original: pipelines/audio/synth.py,,Vanya team (procedural),CC0-1.0,false,false,seed=1312593194
sfx/sfx_player_arrow_impact_bark_04.wav,sfx.player.arrow.impact.bark,original: pipelines/audio/synth.py,,Vanya team (procedural),CC0-1.0,false,false,seed=1312617529
sfx/sfx_player_arrow_impact_flesh_01.wav,sfx.player.arrow.impact.flesh,original: pipelines/audio/synth.py,,Vanya team (procedural),CC0-1.0,false,false,seed=3077398523
sfx/sfx_player_arrow_impact_flesh_02.wav,sfx.player.arrow.impact.flesh,original: pipelines/audio/synth.py,,Vanya team (procedural),CC0-1.0,false,false,seed=3077390612
sfx/sfx_player_arrow_impact_flesh_03.wav,sfx.player.arrow.impact.flesh,original: pipelines/audio/synth.py,,Vanya team (procedural),CC0-1.0,false,false,seed=3077399077
sfx/sfx_player_arrow_impact_flesh_04.wav,sfx.player.arrow.impact.flesh,original: pipelines/audio/synth.py,,Vanya team (procedural),CC0-1.0,false,false,seed=3077374774
sfx/sfx_player_arrow_impact_stone_01.wav,sfx.player.arrow.impact.stone,original: pipelines/audio/synth.py,,Vanya team (procedural),CC0-1.0,false,false,seed=109751566
sfx/sfx_player_arrow_impact_stone_02.wav,sfx.player.arrow.impact.stone,original: pipelines/audio/synth.py,,Vanya team (procedural),CC0-1.0,false,false,seed=109753313
sfx/sfx_player_arrow_impact_stone_03.wav,sfx.player.arrow.impact.stone,original: pipelines/audio/synth.py,,Vanya team (procedural),CC0-1.0,false,false,seed=109744336
sfx/sfx_player_arrow_impact_stone_04.wav,sfx.player.arrow.impact.stone,original: pipelines/audio/synth.py,,Vanya team (procedural),CC0-1.0,false,false,seed=109769155
sfx/sfx_player_bow_draw_01.wav,sfx.player.bow.draw,original: pipelines/audio/synth.py,,Vanya team (procedural),CC0-1.0,false,false,seed=3633350947
sfx/sfx_player_bow_draw_02.wav,sfx.player.bow.draw,original: pipelines/audio/synth.py,,Vanya team (procedural),CC0-1.0,false,false,seed=3633354700
sfx/sfx_player_bow_draw_03.wav,sfx.player.bow.draw,original: pipelines/audio/synth.py,,Vanya team (procedural),CC0-1.0,false,false,seed=3633362173
sfx/sfx_player_bow_release_t1_01.wav,sfx.player.bow.release.t1,original: pipelines/audio/synth.py,,Vanya team (procedural),CC0-1.0,false,false,seed=1660899622
sfx/sfx_player_bow_release_t1_02.wav,sfx.player.bow.release.t1,original: pipelines/audio/synth.py,,Vanya team (procedural),CC0-1.0,false,false,seed=1660899273
sfx/sfx_player_bow_release_t1_03.wav,sfx.player.bow.release.t1,original: pipelines/audio/synth.py,,Vanya team (procedural),CC0-1.0,false,false,seed=1660906744
sfx/sfx_player_bow_release_t1_04.wav,sfx.player.bow.release.t1,original: pipelines/audio/synth.py,,Vanya team (procedural),CC0-1.0,false,false,seed=1660882411
sfx/sfx_player_bow_release_t2_01.wav,sfx.player.bow.release.t2,original: pipelines/audio/synth.py,,Vanya team (procedural),CC0-1.0,false,false,seed=4227203228
sfx/sfx_player_bow_release_t2_02.wav,sfx.player.bow.release.t2,original: pipelines/audio/synth.py,,Vanya team (procedural),CC0-1.0,false,false,seed=4227210867
sfx/sfx_player_bow_release_t2_03.wav,sfx.player.bow.release.t2,original: pipelines/audio/synth.py,,Vanya team (procedural),CC0-1.0,false,false,seed=4227218754
sfx/sfx_player_bow_release_t2_04.wav,sfx.player.bow.release.t2,original: pipelines/audio/synth.py,,Vanya team (procedural),CC0-1.0,false,false,seed=4227226705
sfx/sfx_player_bow_release_t3_01.wav,sfx.player.bow.release.t3,original: pipelines/audio/synth.py,,Vanya team (procedural),CC0-1.0,false,false,seed=2364616714
sfx/sfx_player_bow_release_t3_02.wav,sfx.player.bow.release.t3,original: pipelines/audio/synth.py,,Vanya team (procedural),CC0-1.0,false,false,seed=2364616421
sfx/sfx_player_bow_release_t3_03.wav,sfx.player.bow.release.t3,original: pipelines/audio/synth.py,,Vanya team (procedural),CC0-1.0,false,false,seed=2364607956
sfx/sfx_player_bow_release_t3_04.wav,sfx.player.bow.release.t3,original: pipelines/audio/synth.py,,Vanya team (procedural),CC0-1.0,false,false,seed=2364632263
sfx/sfx_player_bow_release_t4_01.wav,sfx.player.bow.release.t4,original: pipelines/audio/synth.py,,Vanya team (procedural),CC0-1.0,false,false,seed=311797161
sfx/sfx_player_bow_release_t4_02.wav,sfx.player.bow.release.t4,original: pipelines/audio/synth.py,,Vanya team (procedural),CC0-1.0,false,false,seed=311802694
sfx/sfx_player_bow_release_t4_03.wav,sfx.player.bow.release.t4,original: pipelines/audio/synth.py,,Vanya team (procedural),CC0-1.0,false,false,seed=311793783
sfx/sfx_player_bow_release_t4_04.wav,sfx.player.bow.release.t4,original: pipelines/audio/synth.py,,Vanya team (procedural),CC0-1.0,false,false,seed=311818596
sfx/sfx_player_death_01.ogg,sfx.player.death,original: pipelines/audio/synth.py,,Vanya team (procedural),CC0-1.0,false,false,seed=165773818
sfx/sfx_player_hurt_01.wav,sfx.player.hurt,original: pipelines/audio/synth.py,,Vanya team (procedural),CC0-1.0,false,false,seed=1874394136
sfx/sfx_player_hurt_02.wav,sfx.player.hurt,original: pipelines/audio/synth.py,,Vanya team (procedural),CC0-1.0,false,false,seed=1874387703
sfx/sfx_player_hurt_03.wav,sfx.player.hurt,original: pipelines/audio/synth.py,,Vanya team (procedural),CC0-1.0,false,false,seed=1874379206
sfx/sfx_player_hurt_04.wav,sfx.player.hurt,original: pipelines/audio/synth.py,,Vanya team (procedural),CC0-1.0,false,false,seed=1874370773
sfx/sfx_player_revive_01.ogg,sfx.player.revive,original: pipelines/audio/synth.py,,Vanya team (procedural),CC0-1.0,false,false,seed=1782907269
sfx/sfx_player_step_earth_01.wav,sfx.player.step.earth,original: pipelines/audio/synth.py,,Vanya team (procedural),CC0-1.0,false,false,seed=2993414567
sfx/sfx_player_step_earth_02.wav,sfx.player.step.earth,original: pipelines/audio/synth.py,,Vanya team (procedural),CC0-1.0,false,false,seed=2993422152
sfx/sfx_player_step_earth_03.wav,sfx.player.step.earth,original: pipelines/audio/synth.py,,Vanya team (procedural),CC0-1.0,false,false,seed=2993413241
sfx/sfx_player_step_earth_04.wav,sfx.player.step.earth,original: pipelines/audio/synth.py,,Vanya team (procedural),CC0-1.0,false,false,seed=2993405290
sfx/sfx_player_step_earth_05.wav,sfx.player.step.earth,original: pipelines/audio/synth.py,,Vanya team (procedural),CC0-1.0,false,false,seed=2993396251
sfx/sfx_player_step_earth_06.wav,sfx.player.step.earth,original: pipelines/audio/synth.py,,Vanya team (procedural),CC0-1.0,false,false,seed=2993388300
sfx/sfx_player_step_grass_01.wav,sfx.player.step.grass,original: pipelines/audio/synth.py,,Vanya team (procedural),CC0-1.0,false,false,seed=1363347636
sfx/sfx_player_step_grass_02.wav,sfx.player.step.grass,original: pipelines/audio/synth.py,,Vanya team (procedural),CC0-1.0,false,false,seed=1363351131
sfx/sfx_player_step_grass_03.wav,sfx.player.step.grass,original: pipelines/audio/synth.py,,Vanya team (procedural),CC0-1.0,false,false,seed=1363359082
sfx/sfx_player_step_grass_04.wav,sfx.player.step.grass,original: pipelines/audio/synth.py,,Vanya team (procedural),CC0-1.0,false,false,seed=1363367033
sfx/sfx_player_step_grass_05.wav,sfx.player.step.grass,original: pipelines/audio/synth.py,,Vanya team (procedural),CC0-1.0,false,false,seed=1363374856
sfx/sfx_player_step_grass_06.wav,sfx.player.step.grass,original: pipelines/audio/synth.py,,Vanya team (procedural),CC0-1.0,false,false,seed=1363382815
sfx/sfx_player_step_water_01.wav,sfx.player.step.water,original: pipelines/audio/synth.py,,Vanya team (procedural),CC0-1.0,false,false,seed=41780125
sfx/sfx_player_step_water_02.wav,sfx.player.step.water,original: pipelines/audio/synth.py,,Vanya team (procedural),CC0-1.0,false,false,seed=41786738
sfx/sfx_player_step_water_03.wav,sfx.player.step.water,original: pipelines/audio/synth.py,,Vanya team (procedural),CC0-1.0,false,false,seed=41795139
sfx/sfx_player_step_water_04.wav,sfx.player.step.water,original: pipelines/audio/synth.py,,Vanya team (procedural),CC0-1.0,false,false,seed=41803600
sfx/sfx_player_step_water_05.wav,sfx.player.step.water,original: pipelines/audio/synth.py,,Vanya team (procedural),CC0-1.0,false,false,seed=41809953
sfx/sfx_player_step_water_06.wav,sfx.player.step.water,original: pipelines/audio/synth.py,,Vanya team (procedural),CC0-1.0,false,false,seed=41752886
sfx/sfx_player_tier_up_01.ogg,sfx.player.tier_up,original: pipelines/audio/synth.py,,Vanya team (procedural),CC0-1.0,false,false,seed=3601533868
sfx/sfx_player_tier_up_02.ogg,sfx.player.tier_up,original: pipelines/audio/synth.py,,Vanya team (procedural),CC0-1.0,false,false,seed=3601536323
sfx/sfx_rescue_cage_break_01.wav,sfx.rescue.cage.break,original: pipelines/audio/synth.py,,Vanya team (procedural),CC0-1.0,false,false,seed=3735617990
sfx/sfx_rescue_cage_break_02.wav,sfx.rescue.cage.break,original: pipelines/audio/synth.py,,Vanya team (procedural),CC0-1.0,false,false,seed=3735625513
sfx/sfx_rescue_cage_creak_01.wav,sfx.rescue.cage.creak,original: pipelines/audio/synth.py,,Vanya team (procedural),CC0-1.0,false,false,seed=3821611126
sfx/sfx_rescue_cage_creak_02.wav,sfx.rescue.cage.creak,original: pipelines/audio/synth.py,,Vanya team (procedural),CC0-1.0,false,false,seed=3821614745
sfx/sfx_rescue_cage_creak_03.wav,sfx.rescue.cage.creak,original: pipelines/audio/synth.py,,Vanya team (procedural),CC0-1.0,false,false,seed=3821606312
sfx/sfx_rescue_freed_hare_01.ogg,sfx.rescue.freed.hare,original: pipelines/audio/synth.py,,Vanya team (procedural),CC0-1.0,false,false,seed=1657953467
sfx/sfx_rescue_freed_jugnu_01.ogg,sfx.rescue.freed.jugnu,original: pipelines/audio/synth.py,,Vanya team (procedural),CC0-1.0,false,false,seed=4062116254
sfx/sfx_rescue_freed_pira_01.ogg,sfx.rescue.freed.pira,original: pipelines/audio/synth.py,,Vanya team (procedural),CC0-1.0,false,false,seed=4261525098
sfx/sfx_shrine_anjor_purchase_01.ogg,sfx.shrine.anjor.purchase,original: pipelines/audio/synth.py,,Vanya team (procedural),CC0-1.0,false,false,seed=472714872
sfx/sfx_shrine_kaja_purchase_01.ogg,sfx.shrine.kaja.purchase,original: pipelines/audio/synth.py,,Vanya team (procedural),CC0-1.0,false,false,seed=2323654721
sfx/sfx_shrine_suryak_purchase_01.ogg,sfx.shrine.suryak.purchase,original: pipelines/audio/synth.py,,Vanya team (procedural),CC0-1.0,false,false,seed=3228505058
sfx/sfx_shrine_tamba_purchase_01.ogg,sfx.shrine.tamba.purchase,original: pipelines/audio/synth.py,,Vanya team (procedural),CC0-1.0,false,false,seed=2866353967
sfx/sfx_world_gate_open_01.ogg,sfx.world.gate.open,original: pipelines/audio/synth.py,,Vanya team (procedural),CC0-1.0,false,false,seed=3285953964
sfx/sfx_world_gate_seal_hum_01.ogg,sfx.world.gate.seal_hum,original: pipelines/audio/synth.py,,Vanya team (procedural),CC0-1.0,false,false,seed=3703221005
sfx/sfx_world_portal_close_01.wav,sfx.world.portal.close,original: pipelines/audio/synth.py,,Vanya team (procedural),CC0-1.0,false,false,seed=285282466
sfx/sfx_world_portal_loop_01.ogg,sfx.world.portal.loop,original: pipelines/audio/synth.py,,Vanya team (procedural),CC0-1.0,false,false,seed=3428675885
sfx/sfx_world_portal_open_01.wav,sfx.world.portal.open,original: pipelines/audio/synth.py,,Vanya team (procedural),CC0-1.0,false,false,seed=3379752807
sfx/sfx_world_torch_loop_01.ogg,sfx.world.torch.loop,original: pipelines/audio/synth.py,,Vanya team (procedural),CC0-1.0,false,false,seed=1318171427
sfx/ui_ad_reward_01.ogg,ui.ad_reward,original: pipelines/audio/synth.py,,Vanya team (procedural),CC0-1.0,false,false,seed=2282150493
sfx/ui_back_01.wav,ui.back,original: pipelines/audio/synth.py,,Vanya team (procedural),CC0-1.0,false,false,seed=1052569902
sfx/ui_confirm_01.wav,ui.confirm,original: pipelines/audio/synth.py,,Vanya team (procedural),CC0-1.0,false,false,seed=4251524363
sfx/ui_error_01.wav,ui.error,original: pipelines/audio/synth.py,,Vanya team (procedural),CC0-1.0,false,false,seed=971335297
sfx/ui_iap_success_01.ogg,ui.iap_success,original: pipelines/audio/synth.py,,Vanya team (procedural),CC0-1.0,false,false,seed=1550096703
sfx/ui_purchase_01.wav,ui.purchase,original: pipelines/audio/synth.py,,Vanya team (procedural),CC0-1.0,false,false,seed=2265331588
sfx/ui_tab_01.wav,ui.tab,original: pipelines/audio/synth.py,,Vanya team (procedural),CC0-1.0,false,false,seed=2990566142
sfx/ui_tab_02.wav,ui.tab,original: pipelines/audio/synth.py,,Vanya team (procedural),CC0-1.0,false,false,seed=2990568465
sfx/ui_tap_01.wav,ui.tap,original: pipelines/audio/synth.py,,Vanya team (procedural),CC0-1.0,false,false,seed=1106844598
sfx/ui_tap_02.wav,ui.tap,original: pipelines/audio/synth.py,,Vanya team (procedural),CC0-1.0,false,false,seed=1106838873
sfx/ui_upgrade_01.wav,ui.upgrade,original: pipelines/audio/synth.py,,Vanya team (procedural),CC0-1.0,false,false,seed=3319581269
